<?xml version="1.0" encoding="US-ASCII"?>
<SoftwareAG_License>
<Component Id="SalesInfo">
<SerialNumber>0000028455</SerialNumber>
<LicenseKey>2B4B255389FBCEE4D483C302019B7BD9</LicenseKey>
<CustomerID>0</CustomerID>
<CustomerName>Default Bundled License</CustomerName>
<ContractDetails>1</ContractDetails>
<ContractPosNumber>0</ContractPosNumber>
<LicenseTypeDetails>Internal</LicenseTypeDetails>
<AutoCallHome>No</AutoCallHome>
</Component>
<Component Id="ProductInfo">
<ExpirationDate>Unlimited</ExpirationDate>
<OS>win, SunOS, HP-UX, AIX, Linux, Linux S390, MacOS</OS>
<ProductCode>CCE</ProductCode>
<ProductID/>
<ProductName>Software AG Command Central</ProductName>
<ProductVersion>10.0</ProductVersion>
<Usage/>
<RenewalDate/>
<HigherLevPosNr/>
<HigherLevProdCode/>
<HigherLevProdName/>
</Component>
<Component Id="CommandCentral">
<ProductCode>CCE</ProductCode>
<ProductVersion>10.0</ProductVersion>
</Component>
<Component Id="LicenseInfo">
<PriceUnit>MNode</PriceUnit>
<PriceQuantity>100000</PriceQuantity>
<TypeOfInstallation/>
<LicenseType/>
<ExtendedRights/>
<LicenseVersion>1.2</LicenseVersion>
<Metering>Not Required</Metering>
</Component>
</SoftwareAG_License>